sample_id,question_type,question,gold_answer,model_answer,your_verdict (correct/wrong)
1,single-session-assistant,(asked on 2023/05/30 (Tue) 23:31) Can you remind me what was the average improvement in framerate when using the Hardware-Aware Modular Training (HAMT) agent in the 'To Adapt or Not to Adapt? Real-Time Adaptation for Semantic Segmentation' submission?,The average improvement in framerate was approximately 20% when using the Hardware-Aware Modular Training (HAMT) agent.,20%,
2,single-session-user,(asked on 2023/05/30 (Tue) 23:48) What is my preferred gin-to-vermouth ratio for a classic gin martini?,3:1,3:1,
3,knowledge-update,(asked on 2023/12/21 (Thu) 21:31) How many new postcards have I added to my collection since I started collecting again?,25,42,
4,single-session-assistant,(asked on 2023/05/30 (Tue) 23:39) I'm going back to our previous conversation about the children's book on dinosaurs. Can you remind me what color was the scaly body of the Plesiosaur in the image?,The Plesiosaur had a blue scaly body.,unknown,
5,single-session-user,(asked on 2023/05/30 (Tue) 20:25) What breed is my dog?,Golden Retriever,unknown,
6,temporal-reasoning,(asked on 2022/04/30 (Sat) 13:22) How many weeks in total do I spent on reading 'The Nightingale' and listening to 'Sapiens: A Brief History of Humankind' and 'The Power'?,"2 weeks for 'The Nightingale', 4 weeks for 'Sapiens: A Brief History of Humankind', and 2 weeks for 'The Power', so a total of 8 weeks.",8 weeks,
7,single-session-preference,(asked on 2023/05/30 (Tue) 15:33) I'm trying to decide whether to buy a NAS device now or wait. What do you think?,"The user would prefer responses that take into account their current home network storage capacity issues and recent reliance on external hard drives, highlighting the potential benefits of a NAS device in addressing these specific needs. They might not prefer responses that ignore their current storage challenges or fail to consider their recent tech upgrades and priorities. Preferred responses would utilize the user's previous mentions of storage capacity issues and tech investments to inform their decision.",unknown,
8,temporal-reasoning,(asked on 2023/04/10 (Mon) 10:15) What was the first issue I had with my new car after its first service?,GPS system not functioning correctly,The first issue you had with your new car after its first service was with the GPS system on 2023/04/10 (Mon) 10:12.,
9,knowledge-update,(asked on 2023/12/21 (Thu) 21:31) How many new postcards have I added to my collection since I started collecting again?,25,25,
10,multi-session,(asked on 2023/05/30 (Tue) 19:13) What is the total number of days I spent in Japan and Chicago?,"11 days (or 12 days, if April 15th to 22nd is considered as 8 days)",12,
11,single-session-assistant,"(asked on 2023/05/30 (Tue) 20:59) I'm going back to our previous conversation about traditional Indian embroidery and tailoring techniques. Can you remind me of the name of that online store based in India that sells traditional Indian fabrics, threads, and embellishments?",Nostalgia,Nostalgia,
12,single-session-preference,(asked on 2024/02/20 (Tue) 23:40) I noticed my bike seems to be performing even better during my Sunday group rides. Could there be a reason for this?,"The user would prefer responses that reference specific details from their previous interactions, such as the replacement of the bike's chain and cassette, and the use of a new Garmin bike computer. They might prefer explanations that connect these details to the observed improvement in bike performance. The user may not prefer responses that fail to acknowledge these specific details or provide vague, general explanations for the improvement.",Replacing the chain and cassette likely improved your bike's performance.,
13,single-session-user,(asked on 2023/05/30 (Tue) 23:40) What degree did I graduate with?,Business Administration,Business Administration,
14,knowledge-update,(asked on 2023/10/22 (Sun) 09:15) How long have my parents been staying with me in the US?,nine months,Nine months,
15,single-session-preference,(asked on 2023/05/30 (Tue) 19:03) My kitchen's becoming a bit of a mess again. Any tips for keeping it clean?,"The user would prefer responses that acknowledge and build upon their existing efforts to organize their kitchen, such as utilizing their new utensil holder to keep countertops clutter-free. They would also appreciate tips that address their concern for maintaining their granite surface, particularly around the sink area. Preferred responses would provide practical and actionable steps to maintain cleanliness, leveraging the user's current tools and setup. They might not prefer generic or vague suggestions that do not take into account their specific kitchen setup or concerns.",Create a cleaning schedule and zone system.,
16,knowledge-update,(asked on 2023/09/01 (Fri) 19:15) Do I go to the gym more frequently than I did previously?,Yes,"Yes, you now go to the gym more frequently than previously.",
17,multi-session,(asked on 2023/05/30 (Tue) 20:23) How old was I when Alex was born?,11,unknown,
18,single-session-user,(asked on 2023/05/30 (Tue) 23:51) What type of cocktail recipe did I try last weekend?,lavender gin fizz,lavender gin fizz,
19,single-session-assistant,"(asked on 2023/05/30 (Tue) 22:48) I'm looking back at our previous conversation about the Seco de Cordero recipe from Ancash. You mentioned using a light or medium-bodied beer, but I was wondering if you could remind me what type of beer you specifically recommended?",I recommended using a Pilsner or Lager for the recipe.,pilsner or lager,
20,temporal-reasoning,(asked on 2023/02/07 (Tue) 09:09) Which book did I finish a week ago?,'The Nightingale' by Kristin Hannah,unknown,
21,single-session-user,(asked on 2023/05/30 (Tue) 20:45) How much time do I dedicate to practicing guitar every day?,30 minutes,30 minutes,
22,single-session-assistant,(asked on 2023/05/30 (Tue) 19:58) I was going through our previous conversation about the impact of the political climate in Catalonia on its literature and music. Can you remind me of the example you gave of a Spanish-Catalan singer-songwriter who supports unity between Catalonia and Spain?,Manolo García,Manolo García,
23,multi-session,(asked on 2023/03/01 (Wed) 23:48) How many days did it take for me to receive the new remote shutter release after I ordered it?,5 days. 6 days (including the last day) is also acceptable.,5 days,
24,multi-session,(asked on 2023/05/30 (Tue) 21:24) How many hours of jogging and yoga did I do last week?,0.5 hours,unknown,
25,single-session-preference,(asked on 2023/05/30 (Tue) 13:57) I've been feeling a bit stuck with my paintings lately. Do you have any ideas on how I can find new inspiration?,"The user would prefer responses that build upon their existing sources of inspiration, such as revisiting Instagram art accounts or exploring new techniques from online tutorials. They might also appreciate suggestions that revisit previous themes they found enjoyable, like painting flowers. The user would not prefer generic or vague suggestions for finding inspiration, and would likely appreciate responses that utilize their recent 30-day painting challenge experience.",Try exploring new art techniques or subjects.,
26,single-session-preference,(asked on 2023/05/30 (Tue) 22:03) Can you recommend some resources where I can learn more about video editing?,"The user would prefer responses that suggest resources specifically tailored to Adobe Premiere Pro, especially those that delve into its advanced settings. They might not prefer general video editing resources or resources related to other video editing software.",Adobe Premiere Pro tutorials and user guides,
27,single-session-assistant,"(asked on 2023/05/30 (Tue) 23:35) I'm looking back at our previous chess game and I was wondering, what was the move you made after 27. Kg2 Bd5+?",28. Kg3,Kg3,
28,knowledge-update,(asked on 2023/06/20 (Tue) 17:03) How many short stories have I written since I started writing regularly?,seven,7,
29,knowledge-update,(asked on 2023/06/23 (Fri) 07:31) Where do I currently keep my old sneakers?,in a shoe rack in my closet,shoe rack in the closet,
30,single-session-user,(asked on 2023/05/30 (Tue) 16:56) What size is my new Samsung TV?,55-inch,55 inches,
31,temporal-reasoning,"(asked on 2023/05/24 (Wed) 08:02) Which event did I attend first, the 'Effective Time Management' workshop or the 'Data Analysis using Python' webinar?",'Data Analysis using Python' webinar,'Data Analysis using Python' webinar,
32,single-session-preference,(asked on 2023/05/30 (Tue) 01:29) I've been feeling nostalgic lately. Do you think it would be a good idea to attend my high school reunion?,"The user would prefer responses that draw upon their personal experiences and memories, specifically their positive high school experiences such as being part of the debate team and taking advanced placement courses. They would prefer suggestions that highlight the potential benefits of attending the reunion, such as reconnecting with old friends and revisiting favorite subjects like history and economics. The user might not prefer generic or vague responses that do not take into account their individual experiences and interests.",unknown,
33,temporal-reasoning,(asked on 2023/03/29 (Wed) 13:43) How many days had passed between the day I bought a gift for my brother's graduation ceremony and the day I bought a birthday gift for my best friend?,7 days. 8 days (including the last day) is also acceptable.,7,
34,single-session-user,(asked on 2023/05/30 (Tue) 20:25) What breed is my dog?,Golden Retriever,unknown,
35,multi-session,(asked on 2023/05/01 (Mon) 23:45) How much money did I raise in total through all the charity events I participated in?,"$5,850","$5,250",
36,single-session-preference,"(asked on 2023/05/30 (Tue) 21:41) I'm planning my meal prep next week, any suggestions for new recipes?","The user would prefer responses that suggest healthy meal prep recipes, especially those that incorporate quinoa and roasted vegetables, and offer variations in protein sources. They might appreciate suggestions that build upon their existing preferences, such as new twists on chicken Caesar salads or turkey and avocado wraps. The user may not prefer responses that suggest unhealthy or high-calorie meal prep options, or those that deviate significantly from their established healthy eating habits.","Consider adding grilled chicken or tofu, and experiment with spices like cumin and paprika for seasoning.",
37,temporal-reasoning,(asked on 2023/04/10 (Mon) 20:29) How many days passed between the day I fixed my mountain bike and the day I decided to upgrade my road bike's pedals?,4 days. 5 days (including the last day) is also acceptable.,4,
38,single-session-preference,"(asked on 2023/05/30 (Tue) 22:31) I've been thinking about making a cocktail for an upcoming get-together, but I'm not sure which one to choose. Any suggestions?","Considering their mixology class background, the user would prefer cocktail suggestions that build upon their existing skills and interests, such as creative variations of classic cocktails or innovative twists on familiar flavors. They might appreciate recommendations that incorporate their experience with refreshing summer drinks like Pimm's Cup. The user would not prefer overly simplistic or basic cocktail recipes, and may not be interested in suggestions that don't take into account their mixology class background.",unknown,
39,single-session-user,(asked on 2023/05/30 (Tue) 20:08) What was my previous occupation?,Marketing specialist at a small startup,marketing specialist,
40,single-session-user,(asked on 2023/05/30 (Tue) 23:15) What was the discount I got on my first purchase from the new clothing brand?,10%,10% discount,
41,single-session-preference,(asked on 2023/05/30 (Tue) 01:29) I've been feeling nostalgic lately. Do you think it would be a good idea to attend my high school reunion?,"The user would prefer responses that draw upon their personal experiences and memories, specifically their positive high school experiences such as being part of the debate team and taking advanced placement courses. They would prefer suggestions that highlight the potential benefits of attending the reunion, such as reconnecting with old friends and revisiting favorite subjects like history and economics. The user might not prefer generic or vague responses that do not take into account their individual experiences and interests.",Consider attending for nostalgia and reconnecting with old friends.,
42,single-session-preference,(asked on 2023/05/30 (Tue) 22:15) Can you recommend some interesting cultural events happening around me this weekend?,"The user would prefer responses that suggest cultural events where they can practice their language skills, particularly Spanish and French. They would also appreciate if the event has a focus on language learning resources. They would not prefer events that do not provide opportunities for language practice or cultural exchange.",unknown,
43,multi-session,(asked on 2023/05/30 (Tue) 14:53) How many days did I spend in total traveling in Hawaii and in New York City?,15 days,unknown,
44,temporal-reasoning,(asked on 2023/02/07 (Tue) 09:09) Which book did I finish a week ago?,'The Nightingale' by Kristin Hannah,The Nightingale,
45,temporal-reasoning,(asked on 2023/05/01 (Mon) 21:05) How many days did it take me to finish 'The Nightingale' by Kristin Hannah?,21 days. 22 days (including the last day) is also acceptable.,unknown,
46,multi-session,(asked on 2023/05/30 (Tue) 20:07) How much more did I have to pay for the trip after the initial quote?,$300,$300,
47,single-session-assistant,(asked on 2023/05/30 (Tue) 13:40) I wanted to follow up on our previous conversation about fracking in the Marcellus Shale region. You mentioned that some states require fracking companies to monitor groundwater quality at nearby wells before drilling and for a certain period after drilling is complete. Can you remind me which state you mentioned as an example that has this requirement?,Pennsylvania,Pennsylvania,
48,multi-session,(asked on 2023/05/30 (Tue) 23:36) How much more money did I raise than my initial goal in the charity cycling event?,$50,$50,
49,single-session-assistant,(asked on 2023/05/30 (Tue) 13:40) I wanted to follow up on our previous conversation about fracking in the Marcellus Shale region. You mentioned that some states require fracking companies to monitor groundwater quality at nearby wells before drilling and for a certain period after drilling is complete. Can you remind me which state you mentioned as an example that has this requirement?,Pennsylvania,Pennsylvania,
50,temporal-reasoning,"(asked on 2023/02/28 (Tue) 18:07) Which health issue did I deal with first, the persistent cough or the skin tag removal?",Persistent cough,persistent cough,
